sample_id,a_min_nominal_mm,a_throat_actual_mm,b_rib_mm,N_channels,tw_inner_mm,a1_chamber_mm,a2_exit_mm,h_min_throat_mm,h1_chamber_mm,h2_exit_mm,AR_chamber,AR_throat,AR_exit,t_jacket_mm,t_total_mm,T_in_K,P_in_bar,Tc_out_K,Pc_exit_bar,Delta_P_bar,Twg_max_K,Twc_max_K,status,Material,Power
sample_001,3.0,3.0179,3.0,68,3.0,9.766,29.9616,13.0,14.649,29.9616,1.5,4.308,1.0,4.0,20.0,30.0,55.0,200.89,54.92,0.08,1063.6,918.2,SUCCESS,fail,fail
sample_002,3.0,3.0179,3.0,68,0.5,9.766,29.9616,15.5,14.649,29.9616,1.5,5.136,1.0,4.0,20.0,30.0,55.0,202.57,54.93,0.07,1020.2,996.71,SUCCESS,fail,fail
sample_003,3.0,3.0245,0.8,107,0.5,7.313,20.1476,6.049,3.6565,6.0443,0.5,2.0,0.3,13.45,20.0,30.0,55.0,233.84,54.5,0.5,832.25,800.89,SUCCESS,fail,pass
sample_004,0.8,0.8245,3.0,107,3.0,5.113,17.9476,6.5959,7.6694,17.9476,1.5,8.0,1.0,10.4,20.0,30.0,55.0,235.58,50.78,4.22,601.22,490.41,SUCCESS,pass,pass
sample_005,3.0,3.0245,0.8,107,3.0,7.313,20.1476,13.0,10.9694,20.1476,1.5,4.298,1.0,4.0,20.0,30.0,55.0,209.51,54.93,0.07,1177.21,1023.55,SUCCESS,fail,fail
sample_006,2.7611,2.7942,1.3815,98,0.9026,7.4765,21.4898,15.0974,9.8128,20.0593,1.312,5.403,0.933,4.0,20.0,30.0,55.0,213.9,54.92,0.08,1050.27,1000.3,SUCCESS,fail,pass
sample_007,1.5028,1.508,2.0198,116,1.3573,5.4637,17.3025,4.5733,4.8652,15.1151,0.89,3.033,0.874,14.07,20.0,30.0,55.0,240.02,53.27,1.73,554.4,472.07,SUCCESS,pass,pass
sample_008,1.6098,1.6458,2.6169,96,1.0609,6.4256,20.7309,12.1584,7.9393,6.8092,1.236,7.388,0.328,6.78,20.0,30.0,55.0,231.27,54.58,0.42,718.57,658.46,SUCCESS,fail,pass
sample_009,2.8098,2.8588,1.9556,85,1.5884,8.2572,24.4137,13.9226,5.3017,22.3583,0.642,4.87,0.916,4.49,20.0,30.0,55.0,214.68,54.85,0.15,1022.04,932.93,SUCCESS,fail,pass
sample_010,2.5961,2.6528,2.5272,79,0.5695,8.4613,25.8449,6.4473,7.8819,14.0392,0.932,2.43,0.543,12.98,20.0,30.0,55.0,225.05,54.63,0.37,731.88,699.37,SUCCESS,fail,pass
sample_011,2.1473,2.1592,0.8062,138,2.9493,5.4843,15.4358,9.777,6.5436,6.9931,1.193,4.528,0.453,7.27,20.0,30.0,55.0,228.67,54.76,0.24,926.12,751.11,SUCCESS,fail,pass
sample_012,2.2347,2.2806,2.9658,78,0.7861,8.1635,25.77,14.3975,6.0529,12.378,0.741,6.313,0.48,4.82,20.0,30.0,55.0,220.77,54.79,0.21,862.66,814.23,SUCCESS,fail,pass
sample_013,1.8424,1.8523,1.0093,143,2.5041,5.0612,14.6647,11.0308,3.3014,10.2711,0.652,5.955,0.7,6.47,20.0,30.0,55.0,232.94,54.48,0.52,859.04,704.87,SUCCESS,fail,pass
sample_014,1.1564,1.1671,1.3282,164,2.121,3.965,12.3388,7.7147,5.6068,8.0802,1.414,6.61,0.655,10.16,20.0,30.0,55.0,242.11,53.83,1.17,627.29,485.37,SUCCESS,pass,pass
sample_015,2.5063,2.5266,1.063,114,2.3237,6.5518,18.5983,13.6763,6.915,18.4834,1.055,5.413,0.994,4.0,20.0,30.0,55.0,218.88,54.88,0.12,1042.36,913.45,SUCCESS,fail,pass
sample_016,1.4325,1.446,1.5853,135,2.7853,4.845,15.0176,7.6461,4.866,5.5225,1.004,5.288,0.368,9.57,20.0,30.0,55.0,238.62,54.07,0.93,701.84,519.45,SUCCESS,fail,pass
sample_017,0.9163,0.9262,1.7485,153,1.6981,3.9253,12.9011,3.8953,4.432,10.0089,1.129,4.206,0.776,14.41,20.0,30.0,55.0,247.66,49.42,5.58,483.64,411.4,SUCCESS,pass,pass
sample_018,2.9916,2.9928,1.5541,90,1.4849,8.0913,23.3503,14.5151,7.8813,18.5124,0.974,4.85,0.793,4.0,20.0,30.0,55.0,212.61,54.91,0.09,1078.19,997.47,SUCCESS,fail,pass
sample_019,2.4393,2.4626,1.1912,112,1.9953,6.5596,18.8213,5.4236,9.5456,7.1798,1.455,2.202,0.381,12.58,20.0,30.0,55.0,230.89,54.57,0.43,761.58,642.02,SUCCESS,fail,pass
sample_020,2.0535,2.0971,2.8333,83,0.7214,7.6256,24.1714,7.2157,6.1828,13.9092,0.811,3.441,0.575,12.06,20.0,30.0,55.0,229.29,54.44,0.56,677.74,635.99,SUCCESS,pass,pass
sample_021,1.3354,1.3557,2.3645,110,1.7867,5.5272,18.0118,3.5464,4.2876,10.9154,0.776,2.616,0.606,14.67,20.0,30.0,55.0,242.09,51.3,3.7,531.73,440.98,SUCCESS,pass,pass
sample_022,0.8277,0.8477,2.742,114,2.7437,4.8728,16.9194,3.429,2.8107,7.0319,0.577,4.045,0.416,13.83,20.0,30.0,55.0,245.48,41.47,13.53,531.06,388.69,SUCCESS,pass,pass
sample_023,1.7087,1.7192,2.3324,101,1.2236,6.2625,19.8596,6.2611,8.7101,12.7784,1.391,3.642,0.643,12.52,20.0,30.0,55.0,233.72,54.2,0.8,627.56,570.44,SUCCESS,pass,pass
sample_024,1.046,1.0608,2.1614,127,2.1483,4.6739,15.4874,5.7322,5.9065,11.3785,1.264,5.404,0.735,12.12,20.0,30.0,55.0,241.17,52.45,2.55,565.77,454.34,SUCCESS,pass,pass
sample_025,1.9972,2.0104,1.8502,106,2.421,6.3393,19.295,13.579,3.1914,16.3158,0.503,6.754,0.846,4.0,20.0,30.0,55.0,226.35,54.5,0.5,890.86,744.44,SUCCESS,fail,pass
sample_026,1.7353,1.786,2.812,89,0.5679,6.9418,22.3722,10.1974,7.657,13.5287,1.103,5.71,0.605,9.23,20.0,30.0,55.0,229.18,54.56,0.44,689.19,656.51,SUCCESS,pass,pass
sample_027,2.8973,2.9095,1.7408,88,1.1467,8.1239,23.7296,6.6411,5.109,16.9727,0.629,2.283,0.715,12.21,20.0,30.0,55.0,224.84,54.66,0.34,816.84,744.43,SUCCESS,fail,pass
sample_028,2.3279,2.336,0.8119,130,0.8246,5.8657,16.4296,12.321,7.4168,4.9889,1.264,5.275,0.304,6.85,20.0,30.0,55.0,227.5,54.84,0.16,953.47,905.23,SUCCESS,fail,pass
sample_029,1.0854,1.1169,2.8951,102,1.4322,5.6156,19.0793,3.7898,4.9011,7.2889,0.873,3.393,0.382,14.78,20.0,30.0,55.0,244.19,49.36,5.64,501.77,458.7,SUCCESS,pass,pass
sample_030,2.6362,2.7078,2.7485,75,0.984,8.826,27.1367,6.762,5.1598,24.8573,0.585,2.497,0.916,12.25,20.0,30.0,55.0,221.13,54.59,0.41,774.45,711.3,SUCCESS,fail,pass
sample_031,1.9821,1.9883,2.2305,97,2.3009,6.7189,20.8767,7.5351,5.5893,18.6794,0.832,3.79,0.895,10.16,20.0,30.0,55.0,228.05,54.48,0.52,752.07,607.32,SUCCESS,fail,pass
sample_032,2.7017,2.7223,2.4577,79,1.9712,8.5307,25.9143,14.0288,10.1264,25.5166,1.187,5.153,0.985,4.0,20.0,30.0,55.0,210.03,54.9,0.1,1000.38,888.41,SUCCESS,fail,pass
sample_033,2.1427,2.1567,1.8553,102,0.738,6.6554,20.1191,11.7551,9.8453,11.4088,1.479,5.451,0.567,7.51,20.0,30.0,55.0,225.97,54.8,0.2,811.28,764.42,SUCCESS,fail,pass
sample_034,2.4808,2.5214,2.5939,80,1.1234,8.2572,25.4235,12.2472,4.331,15.6474,0.525,4.857,0.615,6.63,20.0,30.0,55.0,220.96,54.71,0.29,886.78,818.65,SUCCESS,fail,pass
sample_035,2.0932,2.0934,0.9156,136,1.695,5.4674,15.5652,14.305,5.6866,5.3849,1.04,6.833,0.346,4.0,20.0,30.0,55.0,228.45,54.81,0.19,958.4,859.7,SUCCESS,fail,pass
sample_036,1.5125,1.5288,1.4802,136,2.9235,4.9028,15.0006,11.6599,6.8673,12.753,1.401,7.627,0.85,5.42,20.0,30.0,55.0,231.65,54.6,0.4,800.56,614.74,SUCCESS,fail,pass
sample_037,2.8167,2.8324,2.2197,81,2.4316,8.4974,25.4518,13.5684,6.1931,12.6433,0.729,4.79,0.497,4.0,20.0,30.0,55.0,215.2,54.86,0.14,1026.46,890.27,SUCCESS,fail,pass
sample_038,1.2391,1.247,1.343,158,1.5979,4.1512,12.843,3.3613,4.5455,8.3748,1.095,2.696,0.652,15.04,20.0,30.0,55.0,247.26,51.6,3.4,505.31,423.82,SUCCESS,pass,pass
sample_039,0.8578,0.8802,2.3936,125,2.0815,4.5511,15.5375,5.3435,4.1724,8.0232,0.917,6.071,0.516,12.57,20.0,30.0,55.0,244.49,49.96,5.04,529.96,417.94,SUCCESS,pass,pass
sample_040,1.0002,1.0099,2.0902,132,2.1959,4.4862,14.89,4.1077,5.9313,10.7831,1.322,4.067,0.724,13.7,20.0,30.0,55.0,243.39,50.57,4.43,529.99,450.53,SUCCESS,pass,pass
sample_041,1.4462,1.4704,1.9684,119,2.8642,5.3265,16.8668,4.3833,3.7203,12.9148,0.698,2.981,0.766,12.75,20.0,30.0,55.0,238.72,52.81,2.19,631.29,444.59,SUCCESS,pass,pass
sample_042,1.2964,1.2995,1.0523,174,2.7154,3.9367,11.8293,5.7519,3.8719,9.3895,0.984,4.426,0.794,11.53,20.0,30.0,55.0,242.48,53.56,1.44,647.73,461.13,SUCCESS,pass,pass
sample_043,2.4129,2.4358,1.4247,106,1.8405,6.7648,19.7205,10.1395,5.3402,8.8762,0.789,4.163,0.45,8.02,20.0,30.0,55.0,227.27,54.75,0.25,889.0,777.42,SUCCESS,fail,pass
sample_044,1.6515,1.673,1.5747,126,2.5981,5.3148,16.2141,12.9026,7.4045,6.7091,1.393,7.712,0.414,4.5,20.0,30.0,55.0,230.75,54.69,0.31,830.35,667.53,SUCCESS,fail,pass
sample_045,1.869,1.8767,1.2235,132,1.2757,5.3529,15.7568,13.3456,6.4833,15.0291,1.211,7.111,0.954,5.38,20.0,30.0,55.0,229.52,54.77,0.23,844.85,765.54,SUCCESS,fail,pass
sample_046,1.6145,1.6264,1.7837,120,2.2804,5.4503,16.8945,12.8804,5.2578,5.9286,0.965,7.919,0.351,4.84,20.0,30.0,55.0,232.79,54.59,0.41,798.99,653.62,SUCCESS,fail,pass
sample_047,0.8522,0.8731,2.6547,116,2.0173,4.8288,16.6676,2.6649,5.0074,10.7999,1.037,3.052,0.648,15.32,20.0,30.0,55.0,245.34,39.74,15.26,481.6,442.02,SUCCESS,pass,pass
sample_048,1.3266,1.3394,2.5212,106,1.7606,5.6683,18.624,7.2898,6.5908,12.2662,1.163,5.443,0.659,10.95,20.0,30.0,55.0,236.04,53.8,1.2,616.37,522.45,SUCCESS,pass,pass
sample_049,2.8608,2.9102,2.205,80,1.6613,8.646,25.8123,12.567,5.6726,24.8364,0.656,4.318,0.962,5.77,20.0,30.0,55.0,213.52,54.85,0.15,996.84,902.46,SUCCESS,fail,pass
sample_050,2.2647,2.2975,2.8177,80,2.5037,8.0333,25.1997,13.4963,7.4865,18.6108,0.932,5.874,0.739,4.0,20.0,30.0,55.0,216.01,54.82,0.18,927.44,785.06,SUCCESS,fail,pass
sample_051,0.9459,0.947,0.8799,224,0.8288,2.9955,9.1263,2.7277,3.4205,3.8153,1.142,2.88,0.418,16.44,20.0,30.0,55.0,255.51,47.42,7.58,406.57,381.99,SUCCESS,pass,pass
sample_052,1.8176,1.8294,0.9171,149,2.7084,4.909,14.1258,13.1638,4.3255,6.7356,0.881,7.196,0.477,4.13,20.0,30.0,55.0,231.27,54.68,0.32,914.42,752.81,SUCCESS,fail,pass
sample_053,2.4508,2.4618,1.8009,96,1.5192,7.2417,21.5469,14.4808,5.9291,10.0072,0.819,5.882,0.464,4.0,20.0,30.0,55.0,221.92,54.84,0.16,958.84,870.31,SUCCESS,fail,pass
sample_054,1.1503,1.1666,1.9102,133,0.6481,4.6168,14.9424,4.099,6.4611,9.0271,1.399,3.514,0.604,15.25,20.0,30.0,55.0,246.6,51.83,3.17,483.17,470.49,SUCCESS,pass,pass
sample_055,2.0253,2.0274,1.4405,118,0.6215,5.9161,17.5543,11.6803,7.385,12.3117,1.248,5.761,0.701,7.7,20.0,30.0,55.0,229.78,54.77,0.23,798.36,758.64,SUCCESS,fail,pass
sample_056,1.4115,1.4209,1.1367,160,1.9468,4.2888,12.872,9.9948,4.5704,6.9217,1.066,7.034,0.538,8.06,20.0,30.0,55.0,239.23,54.37,0.63,716.77,586.95,SUCCESS,fail,pass
sample_057,1.4969,1.5026,1.5513,134,1.267,4.927,15.1755,3.7258,2.4736,5.87,0.502,2.48,0.387,15.01,20.0,30.0,55.0,247.78,51.42,3.58,524.22,433.4,SUCCESS,pass,pass
sample_058,2.1327,2.1926,2.9874,79,2.1775,8.001,25.3846,4.5972,10.6675,19.3465,1.333,2.097,0.762,13.23,20.0,30.0,55.0,223.36,54.2,0.8,710.86,661.85,SUCCESS,fail,pass
sample_059,2.5944,2.597,2.3334,83,1.1635,8.1255,24.6713,12.3907,6.4089,20.8154,0.789,4.771,0.844,6.45,20.0,30.0,55.0,217.73,54.83,0.17,913.4,843.87,SUCCESS,fail,pass
sample_060,1.7418,1.7723,2.0167,108,0.9946,6.0211,18.7369,9.2481,4.4972,16.4722,0.747,5.218,0.879,9.76,20.0,30.0,55.0,233.42,54.43,0.57,691.99,624.72,SUCCESS,pass,pass
sample_061,1.9687,1.9962,1.6252,113,1.4317,6.057,18.2101,9.2249,3.4398,17.9066,0.568,4.621,0.983,9.34,20.0,30.0,55.0,231.99,54.41,0.59,763.68,670.65,SUCCESS,fail,pass
sample_062,2.3499,2.3764,1.2774,112,1.1079,6.4734,18.7351,14.8921,8.1874,15.4093,1.265,6.267,0.822,4.0,20.0,30.0,55.0,221.08,54.88,0.12,974.17,910.11,SUCCESS,fail,pass
sample_063,2.7167,2.7399,1.1206,106,2.8305,7.0689,20.0246,8.937,9.9091,10.9967,1.402,3.262,0.549,8.23,20.0,30.0,55.0,220.32,54.85,0.15,966.86,802.51,SUCCESS,fail,pass
sample_064,2.9905,2.9923,2.6913,72,2.4597,9.3655,28.4391,13.5403,13.9852,8.8549,1.493,4.525,0.311,4.0,20.0,30.0,55.0,209.68,54.91,0.09,1041.67,913.89,SUCCESS,fail,fail
sample_065,1.1249,1.1538,2.4046,115,2.9286,5.144,17.0857,4.5349,3.2786,15.7522,0.637,3.93,0.922,12.54,20.0,30.0,55.0,239.26,51.26,3.74,599.08,422.25,SUCCESS,pass,pass
sample_066,2.8706,2.9255,2.6045,74,1.8337,9.1264,27.6845,8.8289,6.6305,25.6516,0.727,3.018,0.927,9.34,20.0,30.0,55.0,214.16,54.79,0.21,909.06,799.58,SUCCESS,fail,pass
sample_067,2.8999,2.9116,1.0614,103,0.6132,7.3666,20.6996,15.3868,7.7272,8.0681,1.049,5.285,0.39,4.0,20.0,30.0,55.0,217.44,54.91,0.09,1104.4,1071.5,SUCCESS,fail,pass
sample_068,1.1719,1.1902,2.22,120,2.6628,5.0141,16.4583,6.8042,4.5286,5.4588,0.903,5.717,0.332,10.53,20.0,30.0,55.0,240.48,53.13,1.87,633.49,469.75,SUCCESS,pass,pass
sample_069,1.3286,1.3555,2.3988,109,2.1278,5.5653,18.1644,9.9412,7.666,15.2444,1.377,7.334,0.839,7.93,20.0,30.0,55.0,232.25,54.28,0.72,685.35,563.24,SUCCESS,pass,pass
sample_070,0.8062,0.8103,1.4259,183,2.8369,3.3177,10.8221,4.2277,4.3256,7.4348,1.304,5.218,0.687,12.94,20.0,30.0,55.0,247.24,49.02,5.98,547.96,393.17,SUCCESS,pass,pass
sample_071,1.9651,1.9814,1.0056,137,2.5412,5.3308,15.3549,12.4717,6.5343,10.3441,1.226,6.294,0.674,4.99,20.0,30.0,55.0,227.92,54.79,0.21,918.51,767.07,SUCCESS,fail,pass
sample_072,1.5461,1.5742,2.2864,106,2.2676,5.9031,18.8588,7.4933,4.0538,14.3259,0.687,4.76,0.76,10.24,20.0,30.0,55.0,234.29,54.0,1.0,683.8,539.05,SUCCESS,pass,pass
sample_073,0.9982,1.0181,2.1057,131,0.8054,4.5209,15.0041,2.4942,4.4309,6.2812,0.98,2.45,0.419,16.7,20.0,30.0,55.0,251.28,43.33,11.67,444.55,428.47,SUCCESS,pass,pass
sample_074,2.2671,2.3012,2.4572,86,0.9417,7.6369,23.6055,5.1123,6.3059,13.4727,0.826,2.222,0.571,13.95,20.0,30.0,55.0,231.04,54.27,0.73,653.94,597.71,SUCCESS,pass,pass
sample_075,1.6777,1.6952,1.9586,112,1.4912,5.7922,18.0538,10.0697,3.1678,10.9268,0.547,5.94,0.605,8.44,20.0,30.0,55.0,235.15,54.18,0.82,720.07,620.81,SUCCESS,fail,pass
sample_076,2.5713,2.5737,1.7339,95,2.4989,7.4039,21.8597,13.5011,4.1648,7.5488,0.563,5.246,0.345,4.0,20.0,30.0,55.0,222.71,54.74,0.26,997.07,854.84,SUCCESS,fail,pass
sample_077,2.4483,2.4549,1.3342,108,2.0501,6.7037,19.4194,13.9499,7.093,15.3763,1.058,5.682,0.792,4.0,20.0,30.0,55.0,220.14,54.87,0.13,998.11,881.36,SUCCESS,fail,pass
sample_078,2.4902,2.5162,2.7302,78,1.1034,8.3992,26.0056,9.9477,5.1085,24.7712,0.608,3.953,0.953,8.95,20.0,30.0,55.0,219.58,54.71,0.29,836.01,767.44,SUCCESS,fail,pass
sample_079,2.1198,2.1422,1.5115,112,0.7188,6.2393,18.5009,5.7939,6.8656,9.4626,1.1,2.705,0.511,13.49,20.0,30.0,55.0,235.86,54.44,0.56,654.66,604.95,SUCCESS,pass,pass
sample_080,1.709,1.76,2.838,89,2.9754,6.9158,22.3462,9.6868,9.8348,19.2945,1.422,5.504,0.863,7.34,20.0,30.0,55.0,222.51,54.58,0.42,790.22,638.8,SUCCESS,fail,pass
sample_081,1.0853,1.1073,2.9444,101,1.226,5.6506,19.2476,7.5971,4.4236,18.6668,0.783,6.861,0.97,11.18,20.0,30.0,55.0,237.49,52.97,2.03,561.24,497.51,SUCCESS,pass,pass
sample_082,2.7072,2.7199,0.8385,115,1.882,6.7101,18.6519,12.2874,5.958,13.6819,0.888,4.518,0.734,5.83,20.0,30.0,55.0,220.15,54.87,0.13,1062.1,958.9,SUCCESS,fail,pass
sample_083,1.7997,1.8146,1.1944,136,1.7385,5.1886,15.2864,6.2916,7.7057,6.9825,1.485,3.467,0.457,11.97,20.0,30.0,55.0,237.21,54.41,0.59,685.55,570.91,SUCCESS,pass,pass
sample_084,1.4093,1.4098,1.5992,136,1.6214,4.7838,14.8816,6.0043,6.0875,9.3974,1.273,4.259,0.631,12.37,20.0,30.0,55.0,240.95,53.83,1.17,597.38,491.74,SUCCESS,pass,pass
sample_085,2.1863,2.2024,1.8096,102,1.2682,6.7011,20.1649,8.1674,7.9962,9.855,1.193,3.708,0.489,10.56,20.0,30.0,55.0,229.71,54.67,0.33,757.5,674.77,SUCCESS,fail,pass
sample_086,1.7533,1.771,2.2807,101,2.2834,6.3142,19.9113,11.6202,6.6832,7.4196,1.058,6.561,0.373,6.1,20.0,30.0,55.0,229.46,54.62,0.38,795.17,655.38,SUCCESS,fail,pass
sample_087,2.7219,2.7488,1.7482,91,1.8034,7.7913,22.8825,14.1966,8.7442,20.2212,1.122,5.165,0.884,4.0,20.0,30.0,55.0,213.89,54.9,0.1,1025.53,924.41,SUCCESS,fail,pass
sample_088,0.8601,0.8638,1.6315,164,1.4326,3.6618,12.0356,2.0029,3.5346,4.2728,0.965,2.319,0.355,16.56,20.0,30.0,55.0,254.24,30.72,24.28,421.37,392.38,SUCCESS,pass,pass
sample_089,1.4668,1.4674,1.3354,146,0.7029,4.6104,14.0166,5.912,5.6915,7.8126,1.234,4.029,0.557,13.39,20.0,30.0,55.0,243.89,53.93,1.07,556.5,508.6,SUCCESS,pass,pass
sample_090,2.0723,2.0954,1.0524,130,1.5604,5.6252,16.189,14.4396,3.6924,15.1111,0.656,6.891,0.933,4.0,20.0,30.0,55.0,227.72,54.68,0.32,941.87,850.2,SUCCESS,fail,pass
sample_091,2.2022,2.2289,1.4578,111,2.485,6.3628,18.7349,9.5398,6.4108,11.2983,1.008,4.28,0.603,7.98,20.0,30.0,55.0,227.12,54.74,0.26,864.91,712.17,SUCCESS,fail,pass
sample_092,2.9794,2.9819,0.9155,105,0.8742,7.352,20.4311,15.1258,4.029,15.5032,0.548,5.073,0.759,4.0,20.0,30.0,55.0,217.38,54.82,0.18,1147.21,1101.64,SUCCESS,fail,pass
sample_093,1.9834,1.9869,1.8022,108,0.9612,6.2357,18.9514,7.4475,4.9059,14.2366,0.787,3.748,0.751,11.59,20.0,30.0,55.0,233.94,54.45,0.55,687.58,622.37,SUCCESS,pass,pass
sample_094,2.3362,2.3684,2.9461,77,1.0305,8.3277,26.1629,7.4569,4.9694,17.6817,0.597,3.148,0.676,11.51,20.0,30.0,55.0,224.96,54.51,0.49,741.47,678.36,SUCCESS,fail,pass
sample_095,0.9702,1.0004,2.5893,114,2.6656,5.0255,17.072,5.7729,5.793,7.6973,1.153,5.771,0.451,11.56,20.0,30.0,55.0,240.34,51.68,3.32,587.95,459.27,SUCCESS,pass,pass
sample_096,2.6144,2.6216,0.8172,119,0.6228,6.4776,18.018,15.3772,6.104,12.8845,0.942,5.866,0.715,4.0,20.0,30.0,55.0,220.02,54.89,0.11,1090.28,1056.63,SUCCESS,fail,pass
sample_097,1.1211,1.143,1.9571,132,1.6497,4.6193,15.0231,6.949,5.929,6.0929,1.284,6.079,0.406,11.4,20.0,30.0,55.0,242.75,53.31,1.69,572.86,475.42,SUCCESS,pass,pass
sample_098,1.5813,1.6129,2.0408,112,1.3408,5.7099,17.9716,3.5989,8.0651,11.5006,1.412,2.231,0.64,15.06,20.0,30.0,55.0,239.41,53.03,1.97,557.8,532.53,SUCCESS,pass,pass
sample_099,2.8218,2.8942,2.7895,72,1.1566,9.2673,28.341,14.8434,7.5979,28.0665,0.82,5.129,0.99,4.0,20.0,30.0,55.0,208.54,54.9,0.1,1009.72,945.09,SUCCESS,fail,fail
sample_100,1.1566,1.1727,2.1815,122,2.5216,4.9339,16.1905,3.994,3.6688,5.3645,0.744,3.406,0.331,13.48,20.0,30.0,55.0,244.55,50.57,4.43,566.36,414.46,SUCCESS,pass,pass
sample_101,2.3664,2.4045,2.7107,80,2.0796,8.1404,25.3067,13.9204,7.2775,20.6262,0.894,5.789,0.815,4.0,20.0,30.0,55.0,215.28,54.84,0.16,938.61,817.29,SUCCESS,fail,pass
sample_102,1.8079,1.8218,1.4784,124,2.1568,5.5223,16.5974,4.8377,7.6726,15.2404,1.389,2.655,0.918,13.01,20.0,30.0,55.0,234.94,54.18,0.82,656.04,528.67,SUCCESS,pass,pass
sample_103,1.2661,1.2713,2.4154,111,2.9784,5.4052,17.7773,5.9388,3.3948,9.1816,0.628,4.671,0.516,11.08,20.0,30.0,55.0,238.54,52.71,2.29,645.45,459.99,SUCCESS,pass,pass
sample_104,1.4235,1.4507,2.5223,103,1.9217,5.9057,19.2388,7.7706,8.8229,9.726,1.494,5.356,0.506,10.31,20.0,30.0,55.0,233.9,54.11,0.89,653.54,558.4,SUCCESS,pass,pass
sample_105,2.5249,2.5491,1.1711,110,2.7581,6.7206,19.2052,12.5363,8.7586,16.0483,1.303,4.918,0.836,4.71,20.0,30.0,55.0,218.16,54.88,0.12,1023.92,869.14,SUCCESS,fail,pass
sample_106,2.4047,2.4621,2.59,81,2.499,8.1272,25.0815,13.501,6.7726,10.6749,0.833,5.483,0.426,4.0,20.0,30.0,55.0,218.14,54.82,0.18,955.3,809.35,SUCCESS,fail,pass
sample_107,2.7949,2.8192,1.3144,99,1.9897,7.4542,21.326,14.0103,7.0236,13.0986,0.942,4.97,0.614,4.0,20.0,30.0,55.0,216.71,54.89,0.11,1067.31,958.5,SUCCESS,fail,pass
sample_108,2.977,2.9836,1.0681,101,0.568,7.5269,21.1239,15.432,4.0286,15.7433,0.535,5.172,0.745,4.0,20.0,30.0,55.0,217.57,54.82,0.18,1121.06,1090.92,SUCCESS,fail,pass
sample_109,2.4834,2.5192,1.6995,97,1.2613,7.2498,21.4076,8.4635,10.1791,20.2569,1.404,3.36,0.946,10.28,20.0,30.0,55.0,221.83,54.8,0.2,826.14,746.77,SUCCESS,fail,pass
sample_110,2.76,2.8014,1.4613,96,2.3035,7.5813,21.8866,13.6965,5.0269,10.7882,0.663,4.889,0.493,4.0,20.0,30.0,55.0,218.93,54.84,0.16,1053.21,926.3,SUCCESS,fail,pass
sample_111,2.1515,2.1812,2.3157,91,1.438,7.2237,22.315,9.6071,9.1091,22.2894,1.261,4.405,0.999,8.95,20.0,30.0,55.0,222.41,54.74,0.26,791.48,706.09,SUCCESS,fail,pass
sample_112,2.3221,2.3433,1.8324,98,2.038,7.0256,21.0389,13.962,6.911,9.8038,0.984,5.958,0.466,4.0,20.0,30.0,55.0,222.17,54.84,0.16,945.04,825.34,SUCCESS,fail,pass
sample_113,1.2794,1.2902,0.8301,193,0.7434,3.6677,10.7833,8.4804,4.9903,6.6703,1.361,6.573,0.619,10.78,20.0,30.0,55.0,244.54,54.22,0.78,616.44,564.08,SUCCESS,pass,pass
sample_114,1.8932,1.8943,2.0031,105,1.5272,6.2644,19.3435,5.0574,8.2221,13.6615,1.313,2.67,0.706,13.42,20.0,30.0,55.0,233.79,54.16,0.84,632.55,559.12,SUCCESS,pass,pass
sample_115,0.9444,0.9507,0.9705,213,1.1263,3.105,9.5525,6.8515,3.6188,6.4581,1.165,7.207,0.676,12.02,20.0,30.0,55.0,249.55,52.86,2.14,523.56,442.11,SUCCESS,pass,pass
sample_116,2.0106,2.0499,2.5481,89,2.5777,7.2057,22.6361,8.2875,5.1356,12.8182,0.713,4.043,0.566,9.13,20.0,30.0,55.0,227.09,54.49,0.51,788.06,630.12,SUCCESS,fail,pass
sample_117,1.5237,1.5272,1.165,152,1.7507,4.5461,13.581,5.7111,6.7098,7.1665,1.476,3.74,0.528,12.54,20.0,30.0,55.0,241.14,54.07,0.93,625.71,508.75,SUCCESS,pass,pass
sample_118,1.2037,1.2174,2.8748,100,0.9353,5.8061,19.5391,6.8678,6.3433,16.9776,1.093,5.641,0.869,12.2,20.0,30.0,55.0,237.05,53.31,1.69,553.86,513.45,SUCCESS,pass,pass
sample_119,0.8138,0.8142,1.593,170,1.7057,3.5134,11.5917,4.0244,3.1493,3.9153,0.896,4.943,0.338,14.27,20.0,30.0,55.0,251.51,46.97,8.03,473.43,377.95,SUCCESS,pass,pass
sample_120,1.74,1.7403,2.9634,87,2.1899,7.0146,22.7997,7.4259,8.4239,9.1676,1.201,4.267,0.402,10.38,20.0,30.0,55.0,229.82,54.27,0.73,703.75,597.8,SUCCESS,fail,pass
sample_121,1.6781,1.6895,2.0995,108,1.106,5.9383,18.6541,3.565,3.4504,15.5516,0.581,2.11,0.834,15.33,20.0,30.0,55.0,241.07,52.46,2.54,529.31,456.4,SUCCESS,pass,pass
sample_122,1.4381,1.4777,2.6981,98,2.7815,6.16,20.1733,11.7913,4.6773,15.6629,0.759,7.98,0.776,5.43,20.0,30.0,55.0,228.66,54.35,0.65,766.5,600.34,SUCCESS,fail,pass
sample_123,1.0913,1.0978,2.2292,123,0.7963,4.8284,15.9935,3.2782,2.9354,12.8798,0.608,2.986,0.805,15.93,20.0,30.0,55.0,247.89,48.09,6.91,437.45,394.47,SUCCESS,pass,pass
sample_124,2.5893,2.6275,2.4246,81,2.8894,8.2926,25.2469,6.4512,8.6142,22.9178,1.039,2.455,0.908,10.66,20.0,30.0,55.0,217.86,54.68,0.32,844.24,680.93,SUCCESS,fail,pass
sample_125,1.9563,1.9754,1.3516,123,2.7117,5.706,16.8711,10.9858,6.4716,5.2974,1.134,5.561,0.314,6.3,20.0,30.0,55.0,230.32,54.72,0.28,866.03,699.5,SUCCESS,fail,pass
sample_126,2.733,2.7804,1.9233,87,1.4041,8.0548,23.8399,14.5959,4.9065,16.8692,0.609,5.25,0.708,4.0,20.0,30.0,55.0,216.95,54.83,0.17,1014.05,934.88,SUCCESS,fail,pass
sample_127,1.2322,1.2435,1.6182,143,1.727,4.4524,14.0559,9.7641,2.4859,12.2741,0.558,7.852,0.873,8.51,20.0,30.0,55.0,240.85,53.38,1.62,649.18,529.77,SUCCESS,pass,pass
sample_128,2.9076,2.9188,1.7848,87,2.6916,8.1932,23.9783,6.836,5.7782,13.8635,0.705,2.342,0.578,10.47,20.0,30.0,55.0,222.15,54.7,0.3,890.01,726.91,SUCCESS,fail,pass
sample_129,1.3157,1.3227,1.4237,149,0.6649,4.4024,13.6192,5.7521,5.732,12.7171,1.302,4.349,0.934,13.58,20.0,30.0,55.0,244.15,53.69,1.31,524.19,481.99,SUCCESS,pass,pass
sample_130,1.7873,1.793,1.0488,144,2.7657,4.9796,14.5164,8.4927,6.1276,11.6248,1.231,4.737,0.801,8.74,20.0,30.0,55.0,232.96,54.6,0.4,799.1,622.79,SUCCESS,fail,pass
sample_131,1.4183,1.4192,0.8798,178,2.3604,3.9971,11.7123,10.5319,2.0686,10.5766,0.518,7.421,0.903,7.11,20.0,30.0,55.0,239.38,53.47,1.53,763.78,610.59,SUCCESS,fail,pass
sample_132,1.8582,1.8693,2.0281,105,1.941,6.2394,19.3185,4.9077,9.059,11.8284,1.452,2.625,0.612,13.15,20.0,30.0,55.0,233.44,54.1,0.9,647.29,569.7,SUCCESS,pass,pass
sample_133,1.5139,1.5471,2.901,92,1.5481,6.5347,21.462,3.2185,6.428,16.4714,0.984,2.08,0.767,15.23,20.0,30.0,55.0,236.25,51.85,3.15,549.16,515.34,SUCCESS,pass,pass
sample_134,0.9831,1.0051,2.3219,123,2.1024,4.7357,15.9008,6.4663,3.2456,4.7782,0.685,6.434,0.301,11.43,20.0,30.0,55.0,244.45,51.66,3.34,567.34,439.57,SUCCESS,pass,pass
sample_135,1.9616,1.9763,1.2715,126,2.2352,5.6181,16.5173,13.539,4.2362,16.0427,0.754,6.851,0.971,4.23,20.0,30.0,55.0,227.82,54.7,0.3,904.72,770.56,SUCCESS,fail,pass
sample_136,2.5414,2.591,2.4611,81,1.7936,8.2561,25.2104,14.2064,6.818,18.8866,0.826,5.483,0.749,4.0,20.0,30.0,55.0,215.05,54.86,0.14,970.0,866.21,SUCCESS,fail,pass
sample_137,2.1221,2.1455,1.8275,103,2.5395,6.6005,19.9336,10.8178,7.7623,7.2206,1.176,5.042,0.362,6.64,20.0,30.0,55.0,226.58,54.75,0.25,866.76,710.75,SUCCESS,fail,pass
sample_138,2.3685,2.3691,1.5657,104,1.2864,6.7813,19.9861,14.7136,7.5233,8.5901,1.109,6.211,0.43,4.0,20.0,30.0,55.0,223.03,54.86,0.14,949.57,874.16,SUCCESS,fail,pass
sample_139,2.8111,2.8699,2.1822,81,0.5069,8.5349,25.4893,8.4982,12.0502,16.6051,1.412,2.961,0.651,10.99,20.0,30.0,55.0,217.78,54.83,0.17,837.19,810.34,SUCCESS,fail,pass
sample_140,0.8908,0.9128,2.8763,108,1.136,5.1615,17.8773,3.6916,6.6919,8.2075,1.296,4.044,0.459,15.17,20.0,30.0,55.0,245.33,46.66,8.34,505.34,483.36,SUCCESS,pass,pass
sample_141,1.5977,1.6002,0.9735,159,2.9185,4.4862,13.1233,5.7616,6.2527,6.3176,1.394,3.6,0.481,11.32,20.0,30.0,55.0,238.79,54.18,0.82,707.1,514.37,SUCCESS,fail,pass
sample_142,1.0251,1.0288,2.5927,113,0.9706,5.0895,17.2427,5.5735,4.5305,8.9961,0.89,5.418,0.522,13.46,20.0,30.0,55.0,244.42,51.5,3.5,496.85,450.39,SUCCESS,pass,pass
sample_143,2.6687,2.6872,1.1373,107,2.3766,6.9757,19.8103,13.6234,6.4115,12.5109,0.919,5.07,0.632,4.0,20.0,30.0,55.0,218.71,54.88,0.12,1062.97,932.73,SUCCESS,fail,pass
sample_144,2.0986,2.1423,2.672,85,1.058,7.5408,23.6973,7.1548,7.8322,8.8519,1.039,3.34,0.374,11.79,20.0,30.0,55.0,230.1,54.49,0.51,699.23,638.83,SUCCESS,pass,pass
sample_145,2.3303,2.3714,2.443,85,0.824,7.7698,23.9263,10.7423,8.4567,20.0625,1.088,4.53,0.839,8.43,20.0,30.0,55.0,220.69,54.8,0.2,819.8,768.5,SUCCESS,fail,pass
sample_146,2.3441,2.4048,2.7105,80,2.1013,8.1406,25.3069,13.1999,11.8518,9.5323,1.456,5.489,0.377,4.7,20.0,30.0,55.0,217.03,54.85,0.15,922.65,807.98,SUCCESS,fail,pass
sample_147,2.6531,2.6769,1.2579,104,2.965,7.0891,20.2939,13.035,6.1515,16.2919,0.868,4.87,0.803,4.0,20.0,30.0,55.0,217.64,54.87,0.13,1056.66,893.63,SUCCESS,fail,pass
sample_148,2.4862,2.4928,2.9635,75,0.8191,8.611,26.9217,11.9013,11.8082,8.311,1.371,4.774,0.309,7.28,20.0,30.0,55.0,219.29,54.83,0.17,856.93,813.82,SUCCESS,fail,pass
sample_149,1.5778,1.5826,2.2064,108,1.496,5.8314,18.5472,4.0259,5.9391,6.2686,1.018,2.544,0.338,14.48,20.0,30.0,55.0,241.9,52.83,2.17,557.61,490.26,SUCCESS,pass,pass
sample_150,1.0809,1.0894,1.2225,177,1.7668,3.6819,11.4407,6.6588,3.9399,7.4587,1.07,6.112,0.652,11.57,20.0,30.0,55.0,245.83,53.22,1.78,575.59,452.85,SUCCESS,pass,pass
sample_151,0.8787,0.8821,1.0125,216,1.0623,3.0065,9.3643,4.6469,1.5293,7.9722,0.509,5.268,0.851,14.29,20.0,30.0,55.0,253.29,46.85,8.15,459.81,381.51,SUCCESS,pass,pass
sample_152,1.946,1.9524,1.0346,137,0.9024,5.3018,15.3259,5.8943,4.2859,8.1209,0.808,3.019,0.53,13.2,20.0,30.0,55.0,240.29,54.28,0.72,658.71,596.56,SUCCESS,pass,pass
sample_153,2.315,2.3283,0.8439,129,2.7152,5.8854,16.5312,13.2848,8.445,9.8412,1.435,5.706,0.595,4.0,20.0,30.0,55.0,221.81,54.88,0.12,1032.99,881.49,SUCCESS,fail,pass
sample_154,2.862,2.9028,1.5941,91,0.5701,7.9453,23.0366,15.4299,5.988,14.8584,0.754,5.315,0.645,4.0,20.0,30.0,55.0,216.51,54.89,0.11,1046.06,1014.42,SUCCESS,fail,pass
sample_155,2.7509,2.7994,2.3806,79,2.1846,8.6078,25.9914,10.7807,9.7038,24.1179,1.127,3.851,0.928,7.03,20.0,30.0,55.0,212.16,54.87,0.13,954.95,829.44,SUCCESS,fail,pass
sample_156,1.783,1.7991,2.7989,89,2.6218,6.9549,22.3853,12.1909,8.0123,10.8126,1.152,6.776,0.483,5.19,20.0,30.0,55.0,224.34,54.66,0.34,821.06,671.13,SUCCESS,fail,pass
sample_157,1.1413,1.149,2.2898,119,1.641,5.0051,16.5454,4.7757,3.4807,13.0539,0.695,4.156,0.789,13.58,20.0,30.0,55.0,242.96,51.58,3.42,527.16,430.87,SUCCESS,pass,pass
sample_158,2.1616,2.1723,1.4173,114,0.6829,6.1975,18.244,4.7606,4.5792,10.2894,0.739,2.191,0.564,14.56,20.0,30.0,55.0,238.89,54.14,0.86,619.29,571.19,SUCCESS,pass,pass
sample_159,1.8848,1.9026,1.8865,108,1.1387,6.1514,18.8672,6.8689,8.1558,16.621,1.326,3.61,0.881,11.99,20.0,30.0,55.0,232.03,54.49,0.51,667.0,597.27,SUCCESS,pass,pass
sample_160,0.9512,0.9611,1.6962,154,2.3949,3.9407,12.8583,6.6795,3.8398,11.9605,0.974,6.95,0.93,10.93,20.0,30.0,55.0,243.45,52.42,2.58,583.98,425.83,SUCCESS,pass,pass
sample_161,1.5294,1.5409,2.6348,98,1.5011,6.2233,20.2366,9.0108,3.6575,15.1036,0.588,5.848,0.746,9.49,20.0,30.0,55.0,233.72,54.03,0.97,665.7,573.0,SUCCESS,pass,pass
sample_162,1.3762,1.3933,1.4885,142,1.3049,4.6248,14.2959,3.8989,2.9029,14.0223,0.628,2.798,0.981,14.8,20.0,30.0,55.0,245.45,52.12,2.88,519.52,427.55,SUCCESS,pass,pass
sample_163,2.9519,3.0024,1.9279,83,2.8724,8.5309,25.0768,13.1276,10.8378,11.3902,1.27,4.372,0.454,4.0,20.0,30.0,55.0,211.52,54.91,0.09,1071.65,914.77,SUCCESS,fail,pass
sample_164,2.0498,2.0557,2.0778,99,2.2972,6.6908,20.5625,6.6995,6.1327,8.6514,0.917,3.259,0.421,11.0,20.0,30.0,55.0,231.81,54.42,0.58,739.71,594.7,SUCCESS,fail,pass
sample_165,1.3423,1.3773,2.4832,106,1.9605,5.7063,18.662,6.1969,6.8726,13.3535,1.204,4.499,0.716,11.84,20.0,30.0,55.0,235.87,53.63,1.37,611.11,510.85,SUCCESS,pass,pass
sample_166,2.959,3.0149,2.9158,69,2.111,9.6652,29.5681,8.1829,7.9662,17.72,0.824,2.714,0.599,9.71,20.0,30.0,55.0,213.73,54.78,0.22,911.2,791.63,SUCCESS,fail,pass
sample_167,0.9615,0.9688,0.9892,209,1.9859,3.1644,9.7352,5.9804,2.1243,4.1346,0.671,6.173,0.425,12.03,20.0,30.0,55.0,249.5,51.26,3.74,560.41,417.65,SUCCESS,pass,pass
sample_168,1.8862,1.9229,1.9744,105,2.7707,6.2931,19.3722,10.3633,8.9941,13.2406,1.429,5.389,0.683,6.87,20.0,30.0,55.0,225.7,54.71,0.29,828.42,661.6,SUCCESS,fail,pass
sample_169,2.5123,2.5434,1.7193,96,0.6718,7.3233,21.6285,15.3282,7.2485,12.3224,0.99,6.027,0.57,4.0,20.0,30.0,55.0,220.11,54.88,0.12,966.25,927.18,SUCCESS,fail,pass
sample_170,2.1563,2.1707,1.0263,128,0.9447,5.7556,16.4845,9.8644,7.3947,15.7892,1.285,4.544,0.958,9.19,20.0,30.0,55.0,228.87,54.79,0.21,830.43,771.16,SUCCESS,fail,pass
sample_171,1.1485,1.1571,2.0907,126,0.5399,4.7989,15.6981,7.2374,5.1187,13.7358,1.067,6.255,0.875,12.22,20.0,30.0,55.0,242.84,53.39,1.61,520.08,486.13,SUCCESS,pass,pass
sample_172,1.381,1.395,2.6972,100,1.8687,5.9837,19.7168,10.0093,3.8599,7.7311,0.645,7.175,0.392,8.12,20.0,30.0,55.0,235.63,53.97,1.03,676.35,563.07,SUCCESS,pass,pass
sample_173,1.7201,1.7365,2.1983,104,2.2339,6.1487,19.3535,11.694,7.6407,6.7502,1.243,6.734,0.349,6.07,20.0,30.0,55.0,229.86,54.64,0.36,789.28,653.15,SUCCESS,fail,pass
sample_174,1.5845,1.5965,1.3905,137,2.261,4.9459,14.97,5.1569,3.7734,7.0874,0.763,3.23,0.473,12.58,20.0,30.0,55.0,241.56,53.6,1.4,640.87,485.31,SUCCESS,pass,pass
sample_175,1.3239,1.331,1.259,158,1.327,4.2352,12.927,3.0107,4.6939,10.6601,1.108,2.262,0.825,15.66,20.0,30.0,55.0,247.19,51.71,3.29,487.01,431.24,SUCCESS,pass,pass
sample_176,2.6972,2.7198,1.8782,89,0.7816,7.8756,23.306,15.2184,4.5752,12.3296,0.581,5.595,0.529,4.0,20.0,30.0,55.0,219.85,54.81,0.19,992.68,947.99,SUCCESS,fail,pass
sample_177,2.4318,2.4378,2.2659,87,2.4216,7.7121,23.4972,8.6115,11.5256,7.6578,1.494,3.533,0.326,8.97,20.0,30.0,55.0,222.96,54.74,0.26,849.7,717.9,SUCCESS,fail,pass
sample_178,0.9097,0.9116,1.5242,168,1.534,3.643,11.8174,2.2047,3.3761,10.9231,0.927,2.419,0.924,16.26,20.0,30.0,55.0,251.29,41.13,13.87,429.8,386.42,SUCCESS,pass,pass
sample_179,2.3385,2.3607,1.5741,104,1.2118,6.7729,19.9778,12.4222,7.8772,12.4717,1.163,5.262,0.624,6.37,20.0,30.0,55.0,223.61,54.84,0.16,898.58,825.42,SUCCESS,fail,pass
sample_180,2.8898,2.9123,0.8767,108,1.4091,7.1611,19.8769,14.5909,9.3783,15.3666,1.31,5.01,0.773,4.0,20.0,30.0,55.0,213.32,54.93,0.07,1142.41,1068.64,SUCCESS,fail,pass
sample_181,1.9673,2.0192,2.8525,84,2.9562,7.4819,23.8308,9.8765,5.317,17.4346,0.711,4.891,0.732,7.17,20.0,30.0,55.0,222.54,54.58,0.42,833.1,659.52,SUCCESS,fail,pass
sample_182,1.1214,1.1496,2.4718,113,2.5043,5.2104,17.3635,8.7636,5.2919,16.7658,1.016,7.623,0.966,8.73,20.0,30.0,55.0,235.17,53.65,1.35,650.36,504.13,SUCCESS,pass,pass
sample_183,1.4881,1.494,1.1807,153,2.6517,4.4931,13.469,5.7246,3.8425,11.3199,0.855,3.832,0.84,11.62,20.0,30.0,55.0,240.18,53.81,1.19,668.5,486.96,SUCCESS,pass,pass
sample_184,2.1069,2.131,2.3659,91,1.0049,7.1735,22.2648,6.3584,3.8858,11.0995,0.542,2.984,0.499,12.64,20.0,30.0,55.0,234.08,54.17,0.83,672.01,603.26,SUCCESS,pass,pass
sample_185,2.5815,2.6003,2.6461,78,1.6594,8.4832,26.0897,11.2566,11.8697,18.1691,1.399,4.329,0.696,7.08,20.0,30.0,55.0,214.18,54.85,0.15,904.89,814.85,SUCCESS,fail,pass
sample_186,2.993,2.9968,1.6534,88,1.7416,8.2112,23.8169,11.2257,11.2557,20.6353,1.371,3.746,0.866,7.03,20.0,30.0,55.0,212.27,54.9,0.1,1004.99,906.07,SUCCESS,fail,pass
sample_187,1.1674,1.1919,2.4295,113,1.9244,5.2527,17.4058,2.4326,4.2242,11.0279,0.804,2.041,0.634,15.64,20.0,30.0,55.0,244.42,45.97,9.03,493.46,434.47,SUCCESS,pass,pass
sample_188,1.8966,1.903,1.294,128,2.4066,5.4879,16.2169,12.3256,4.3642,12.4121,0.795,6.477,0.765,5.27,20.0,30.0,55.0,229.82,54.66,0.34,871.37,724.14,SUCCESS,fail,pass
sample_189,2.5158,2.5479,2.9084,75,1.3178,8.6661,26.9768,11.1824,8.7442,13.3211,1.009,4.389,0.494,7.5,20.0,30.0,55.0,217.81,54.81,0.19,873.22,798.77,SUCCESS,fail,pass
sample_190,2.6641,2.6863,0.8722,115,2.1806,6.6764,18.6182,13.2757,9.5181,6.3183,1.426,4.942,0.339,4.54,20.0,30.0,55.0,219.13,54.9,0.1,1081.17,962.85,SUCCESS,fail,pass
sample_191,2.0147,2.0488,2.8229,84,1.3793,7.5115,23.8604,6.5012,6.8418,19.7764,0.911,3.173,0.829,12.12,20.0,30.0,55.0,226.86,54.39,0.61,686.94,610.99,SUCCESS,pass,pass
sample_192,2.1504,2.1711,2.1365,95,1.1149,7.0013,21.4571,14.8851,5.1687,12.2633,0.738,6.856,0.572,4.0,20.0,30.0,55.0,224.4,54.77,0.23,881.11,813.19,SUCCESS,fail,pass
sample_193,1.4283,1.4479,1.7743,127,1.5983,5.061,15.8745,11.3722,2.7381,14.2578,0.541,7.854,0.898,7.03,20.0,30.0,55.0,236.72,53.94,1.06,706.67,599.54,SUCCESS,fail,pass
sample_194,1.5493,1.5574,1.4516,136,2.3628,4.9314,15.0292,4.4326,4.3862,12.3697,0.889,2.846,0.823,13.2,20.0,30.0,55.0,240.28,53.45,1.55,619.71,460.41,SUCCESS,pass,pass
sample_195,2.7839,2.8183,1.0422,106,0.6889,7.1473,20.103,15.3111,7.9276,10.825,1.109,5.433,0.538,4.0,20.0,30.0,55.0,217.29,54.91,0.09,1090.51,1053.28,SUCCESS,fail,pass
sample_196,1.3047,1.3124,2.0978,120,1.7806,5.1363,16.5805,9.3199,3.0414,12.25,0.592,7.101,0.739,8.9,20.0,30.0,55.0,238.36,53.66,1.34,650.09,533.55,SUCCESS,pass,pass
sample_197,0.9371,0.946,1.0027,210,2.9007,3.131,9.6706,3.6654,3.9594,9.5214,1.265,3.875,0.985,13.43,20.0,30.0,55.0,247.27,50.66,4.34,561.2,385.98,SUCCESS,pass,pass
sample_198,1.6368,1.6741,2.7739,92,2.6843,6.6618,21.589,9.6617,6.334,15.4422,0.951,5.771,0.715,7.65,20.0,30.0,55.0,227.0,54.45,0.55,760.66,602.64,SUCCESS,fail,pass
sample_199,1.776,1.7897,2.4731,96,0.8634,6.5695,20.8748,6.1814,6.9067,12.4662,1.051,3.454,0.597,12.96,20.0,30.0,55.0,234.52,54.17,0.83,613.89,566.69,SUCCESS,pass,pass
sample_200,2.768,2.7816,1.922,87,0.9149,8.056,23.8411,15.0851,10.604,7.9775,1.316,5.423,0.335,4.0,20.0,30.0,55.0,216.63,54.91,0.09,1003.14,951.04,SUCCESS,fail,pass
